{
    "items": [
        {
            "name": "'TR3' ИЖ-191.КОМ/000",
            "id": 1,
            "photo": "./img/ак12.jpg",
            "calibr": "366 ТКМ", 
            "madeIn": "Russia",
            "turn": false,  
            "homeland": true,
            "description": "Гладкоствольный карабин TR3 под патрон 366 ТКМ разработан на базе автомата Калашникова АК-15 и имеет с ним максимальное внешнее сходство. Сохранив фирменные черты оружия Калашникова, карабин приобрел улучшенную эргономику и совместимость с современными прицельными комплексами.",
            "cost": 69000     
        }, 
        {
            "name": "TIKKA T3X TAC A1 308WIN",
            "id": 18,
            "photo": "./img/tikka-t3x-TAC_A1.png",
            "calibr": "5,45x39", 
            "madeIn": "Finland", 
            "turn": false,  
            "homeland": false,
            "description": "Никогда еще не было винтовки, которая отвечала бы самым строгим требованиям качества для непревзойденной дальнобойной точности в этом ценовом диапазоне",
            "cost": 57000   
        },
        {
            "name": "BLASER R8 ST. 30-06",
            "id": 3,
            "photo": "./img/blaser.jpg",
            "calibr": ".30-06SPR (7.62x63)", 
            "madeIn": "Germany",
            "turn": true,  
            "homeland": false,
            "description": "Карабин Blaser R8 – модель пришедшая на смену Blaser R93.",
            "cost": 517780   
        }, 
        {
            "name": "ВЕПРЬ-308 L=520",
            "id": 4,
            "photo": "./img/vepr.jpg",
            "calibr": ".308WIN (7.62x51)", 
            "madeIn": "Russia",
            "turn": true,  
            "homeland": true,
            "description": "Самозарядный охотничий карабин калибра7,62мм под охотничьи патроны 7,62х51 модернизированные и 7,62х51 (.308 Win). Приклад ортопедический, цевьё длинное, без пулемётной верхней накладки. Автоматическая перезарядка карабина осуществляется за счет использования энергии пороховых газов, отводимых из канала ствола в газовую камеру при выстреле, и энергии возвратной пружины.",
            "cost": 42100    
        } 
    ],
    "totalCount": 4,
    "error": null
}